solver,score
Oracle,306571.6763101
SolverLogic,404901.13839019963
Z3 (2019),448349.6084847996
Greedy,448349.6084847996
Z3,462175.1786205996
CVC4,744146.9780037999
Random,928925.0758551998
UE+MathSAT,2018775.75671
