solver,score
Oracle,19207.92140678001
SolverLogic,72091.16229079002
CVC4,72278.97576380002
Greedy,72278.97576380002
MathSAT,148067.46018489994
Yices (2018),153907.31941589998
Yices,153970.04112277005
Z3,174483.57093760002
MathSAT-na,198677.6608929999
Random,260047.25569379993
Alt-Ergo,1099202.3958970997
