solver,score
Oracle,159210.52638868394
SolverLogic,174155.3792678385
Z3 (2019),182315.84228526743
Greedy,182315.84228526743
Z3,184002.02124098397
Random,1131365.1284570058
CVC4,1564007.884709233
UE+MathSAT,1796272.0826900015
SMTInterpol,1884667.9295140072
