solver,score
Oracle,78.00237974000002
Yices,78.23533664000003
Greedy,78.23533664000003
SolverLogic,78.23533664000003
Z3,238.7285162
Random,341.23397933999985
CVC4,422.8170946
SMTInterpol,599.6768370000001
