solver,score
Oracle,71219.31719299985
Z3,172873.56717380005
Z3 (2019),175544.06825670012
Greedy,183834.65400509996
SolverLogic,191840.77986460002
CVC4,381091.3462288002
UE+MathSAT,726953.3340700002
Random,788146.576581601
Vampire,1370893.318656899
SMTInterpol,1608123.4841629998
