solver,score
Oracle,48076.22382310001
SolverLogic,75373.32256560001
Vampire,177066.6564247
CVC4,184887.0745288
Alt-Ergo,188535.689486
Greedy,191660.3116757001
Random,561429.6807236997
UE+MathSAT,1766400.0
