solver,score
Oracle,205.54774349999997
Bitwuzla,778.4169627
Greedy,778.4169627
SolverLogic,883.0397407999999
CVC4,1663.3696842000015
MathSAT5,9337.533274999992
Random,20315.071982299996
Z3,22913.586039899998
COLIBRI,67868.44061100003
