solver,score
Oracle,182994.27729465006
SolverLogic,211312.8246686301
Yices,234514.77293024998
Greedy,234514.77293024998
Z3 (2019),251143.02339090017
Z3,292559.90448630025
CVC4,420247.81378289993
Random,468813.24748959957
veriT,588970.3286937998
MathSAT5,678083.7118188005
SMTInterpol,764105.5731159992
