solver,score
Oracle,2139934.213646101
CVC4,2363827.7269671983
Greedy,2363827.7269671983
SolverLogic,2439073.793695396
veriT,2478387.556065002
Vampire,2487948.9528597
veriT+vite,2579198.6297323005
Alt-Ergo,2828511.4625554997
Z3,2937306.2383294017
Random,3263274.887019301
SMTInterpol,4790110.194389998
UE+MathSAT,5467200.0
