solver,score
Oracle,563735.664577864
CVC4,698072.5497478994
Greedy,698072.5497478994
SolverLogic,889222.2114293419
Random,4751221.511026079
Z3str4,8585164.480434462
