solver,score
Oracle,89.1494288
Bitwuzla,371.27619880000003
Greedy,371.27619880000003
SolverLogic,379.4556172
MathSAT5,923.6048605000001
CVC4,8012.271909100001
Random,12529.680726699997
Z3,26324.317949599998
