solver,score
Oracle,832.3354014500003
Bitwuzla,1831.5077158899987
Greedy,1831.5077158899987
Yices,3350.2923172800033
Boolector (2019),3819.518196179995
SolverLogic,4574.335926580002
MathSAT5,7235.664865589608
Random,11434.762421339607
CVC4,13843.690701489622
Z3,14908.243782889627
