solver,score
Oracle,394.09832800000004
Z3 (2018),841.66111
Greedy,841.66111
Z3,854.45972
SMTInterpol,1609.9713
Random,3440.860985256954
Yices,5086.017399273194
SolverLogic,5334.096581273195
CVC4,18935.366854550943
