solver,score
Oracle,42799.33833049997
Bitwuzla,78980.80112029996
Greedy,78980.80112029996
SolverLogic,94053.43969250006
Random,134069.53104029997
COLIBRI,135790.091293
MathSAT5,139434.81349620008
CVC4,151244.0023002001
Z3,241136.960538
