solver,score
Oracle,207326.41624060014
CVC4,250883.7124976
Greedy,250883.7124976
CVC4 (2019),302330.9790116
SolverLogic,355323.43854530004
Vampire,363502.6451475002
Random,397736.6597926
Alt-Ergo,579949.1583449999
UE+MathSAT,664800.0
