solver,score
CVC4,29740.278807099992
Oracle,29740.278807099992
Greedy,29740.278807099992
SolverLogic,29740.278807099992
Random,55202.708342000005
UE+MathSAT,64800.0
