solver,score
Oracle,7505.008691219997
SolverLogic,10653.36390988999
Z3,11937.681524999996
Greedy,11937.681524999996
Z3 (2018),14906.169407200006
Yices,23830.877184019915
Random,33688.28544003186
CVC4,62341.89340457528
SMTInterpol,63098.37748934859
