solver,score
Oracle,162070.61175444984
SolverLogic,162327.52672184003
Yices,162609.4547062198
Greedy,162609.4547062198
Yices (2018),162837.77051056
CVC4,181816.69121210004
Random,182890.50911630978
Z3,191048.6479962
veriT,191503.10766480007
SMTInterpol,279450.168685
