solver,score
CVC4,223227.40195829998
Oracle,223227.40195829998
Greedy,223227.40195829998
SolverLogic,223227.40195829998
Random,338419.3740735
UE+MathSAT,444000.0
