solver,score
Oracle,603779.4997408985
SolverLogic,861190.5033289002
Vampire,913033.2315945996
Greedy,913033.2315945996
CVC4,5497578.856806993
Vampire (2018),6797392.265103689
Z3,6811953.229322894
Random,6813123.194460506
Alt-Ergo,10138812.711698605
UE+MathSAT,10525863.859189996
