solver,score
Oracle,719531.6778887
SolverLogic,1000203.5937699996
Z3,1006063.0680485992
Greedy,1006063.0680485992
CVC4 (2018),1716560.8892327978
CVC4,1788661.548182302
Random,2470540.001324
UE+MathSAT,5083624.519130003
