solver,score
Oracle,272.8308627600004
Yices,422.3821018499989
Greedy,422.3821018499989
Yices (2018),446.4193556999998
SolverLogic,1451.1964144099964
veriT,1517.5384765099984
CVC4,20482.42928309998
OpenSMT,21863.535488999933
Z3,180196.38267849968
SMTInterpol,200849.84374799934
Random,1098010.6032790816
Alt-Ergo,8295381.2474538
