solver,score
Oracle,12687.63212850629
Yices,14092.67099550629
Greedy,14092.67099550629
Yices (2019),14759.020400121675
SolverLogic,17773.82340322168
Z3,21843.724158750752
Random,28753.981385577445
MathSAT5,29327.951117343055
CVC4,37225.402575162065
Bitwuzla,43295.0110212
