solver,score
Oracle,42430.05410439998
Bitwuzla,48643.068777649976
Boolector (2019),50171.407183839954
Greedy,50176.524079210045
SolverLogic,58977.551471219944
Yices,86694.46908342016
Random,126991.59895530986
MathSAT5,197100.4093616
CVC4,197583.00992900023
Z3,263022.7534168997
