solver,score
CVC4,48019.51911809997
Oracle,48019.51911809997
Greedy,48019.51911809997
SolverLogic,48019.51911809997
Random,220808.60635989998
UE+MathSAT,369600.0
