solver,score
Oracle,3727.8514348600033
SolverLogic,11461.785273910013
Yices,13054.264735910008
Greedy,13054.264735910008
Boolector (2018),29417.90517980001
Boolector,33641.87431260001
CVC4,58205.90798520003
Random,165761.29511137988
Z3,541228.0055756002
