solver,score
Oracle,295252.78432299994
SolverLogic,297652.7257137999
Z3,307762.22707470006
Greedy,307762.22707470006
Random,357625.1177241
CVC4,364801.6232792
UE+MathSAT,403202.87234
