solver,score
Oracle,1110988.4724938003
SolverLogic,1155968.492655
CVC4 (2018),1170482.9907229
CVC4,1171565.6188394001
Vampire,1173508.434968
Greedy,1188711.3426247998
Z3,1249515.8492025
Alt-Ergo,1263589.7549246
Random,1302356.5858492998
UE+MathSAT,1440000.0
UE+Yices,1440000.0
