solver,score
Oracle,251.05106659999996
SolverLogic,573.9001769000002
MathSAT5,617.9260919000001
Greedy,617.9260919000001
CVC4 (2019),12886.611773300003
CVC4,13277.1733313
Random,66033.4239049
Z3,97895.0276184
Alt-Ergo,213934.94887
