solver,score
Oracle,223245.66027569983
Z3,363124.4011442996
Greedy,363124.4011442996
Z3 (2018),435862.48114859953
SolverLogic,473842.62139549985
CVC4,983289.0702563017
UE+SMTInterpol,1698640.9127300007
UE+MathSAT,1717598.4939099995
Random,2022789.973625301
UE+Yices,3058672.8858400015
Vampire,3743408.456076999
SMTInterpol,4085759.190118
