solver,score
Oracle,228066.0225703999
SolverLogic,242965.09070469995
CVC4,243525.3231953001
Greedy,243525.3231953001
Vampire,247381.75940059946
Z3,259281.21762629985
Alt-Ergo,318617.1845887
veriT,655698.7819118001
veriT+vite,660079.4847848003
Random,796897.1542099001
SMTInterpol,845821.1395219998
UE+MathSAT,3230400.0
