solver,score
Oracle,63374.34020786001
SolverLogic,105550.28417220006
SPASS-SATT,128634.96192412
Greedy,128634.96192412
Yices,196108.24077378013
CVC4 (2018),197860.8082978999
CVC4,217724.46015009997
CVC4-SymBreak,300980.07324000006
veriT,309945.4312558998
Random,346010.54404533014
SMTInterpol,388020.7489820003
Z3,555367.1396448001
Ctrl-Ergo,564639.0136883004
OpenSMT,651447.3818543797
