solver,score
Oracle,23377.11313239999
CVC4 (2018),23380.667522399992
Greedy,23380.667522399992
CVC4,46638.22515609997
SolverLogic,51228.317833599984
Random,191254.30843559993
Vampire,448354.93336589984
Alt-Ergo,453356.4681381002
