solver,score
Oracle,162.7549015
COLIBRI,7275.939831999999
Greedy,7275.939831999999
SolverLogic,9663.835122799997
MathSAT5,22075.589635800006
Random,24654.413276499992
CVC4,26517.2841613
Z3,28413.235209999995
