solver,score
Oracle,918003.4681311188
SolverLogic,1720350.2299094512
Yices,3307748.9175332193
Greedy,3307748.9175332193
Z3,3668010.551177903
Z3 (2018),3697693.912147799
SMTRAT-MCSAT,4232232.445690567
veriT+raSAT+Redlog,4689311.078837887
Random,4700323.28523322
CVC4,5320429.788378588
MathSAT,5543507.82109219
CVC4-SymBreak,5546510.0764816925
SMTRAT,5554600.084236077
MathSAT-na,5761844.533825693
