solver,score
Oracle,129831.79484181998
SolverLogic,294642.06952181977
Q3B,407336.7370510998
Greedy,407336.7370510998
CVC4 (2018),534845.478428
Poolector,556605.6648080002
CVC4,577875.0758190997
Boolector,623873.3682399197
Z3,657239.8961836998
Random,775521.1227035995
UE+MathSAT,2638512.943680001
