solver,score
Oracle,23255.171237300012
CVC4 (2018),23328.5464043
Greedy,23328.5464043
CVC4,23515.54552440001
SolverLogic,31105.009529200015
Random,152649.46035359992
Vampire,223621.56868680002
Alt-Ergo,224770.22202679998
UE+MathSAT,352800.0
