solver,score
Oracle,4.55642994
Yices (2018),4.805438109999997
Yices,4.813539970000002
SolverLogic,4.828449079999999
Greedy,4.866741579999997
Z3,25.792567199999997
CVC4,71.2226532
SMTInterpol,181.98260600000003
Random,107798.63255449997
Alt-Ergo,752318.5754767999
