solver,score
Oracle,468148.1961813995
SolverLogic,812778.6391216
Yices,1132073.896043282
Greedy,1132073.896043282
Z3,1402076.2121739
SMTRAT-MCSAT,1622208.0012461785
Random,1832304.9055501104
veriT+raSAT+Redlog,1949903.214172861
SMTRAT-CDCAC,2069853.4930582
CVC4,2263894.776329498
MathSAT5,2281639.5822195983
