solver,score
Oracle,2283.93935779
SolverLogic,6493.43147472091
Yices,12048.95215662706
Greedy,12048.95215662706
MathSAT5,15081.429757788204
Bitwuzla,19815.7358916
CVC4,23000.905686548558
Boolector (2019),35424.24592331537
Random,50028.66641468827
Z3,251408.58612565743
