solver,score
Oracle,2697.251659549999
SolverLogic,12490.371078649998
CVC4,37071.87035649997
Greedy,37071.87035649997
Z3,156895.6161316001
Z3 (2019),162332.5194164
Random,393648.44176901
UE+MathSAT,444342.66399
Vampire,471908.1268089998
SMTInterpol,523288.2113289999
veriT,609651.2145365002
veriT+vite,616800.46952325
