solver,score
Oracle,638.12096811
Boolector (2018),3053.8420063
Boolector,3260.964853957386
Yices,3370.541793101818
Greedy,6621.154578479205
SolverLogic,7311.129889920003
Z3,12816.263768596611
Random,14560.053195643077
CVC4,30492.57408735493
