solver,score
Oracle,397.9786729999999
Z3,702.2969400000002
Z3 (2018),901.4424299999998
Yices,1506.6646160039734
SolverLogic,1517.3352760039734
SMTInterpol,1727.59337
Greedy,1802.168673003973
Random,8597.887146290677
MathSAT5,11248.17279091714
CVC4,27385.1416086953
