solver,score
Oracle,111486.282812
SolverLogic,177289.86180320004
COLIBRI,252284.05173500007
Greedy,252284.05173500007
CVC4,289396.0922419999
Random,311524.5423279999
Z3,419553.892125
