solver,score
Oracle,100836.87999919997
Z3 (2018),100837.58420029997
Greedy,100837.58420029997
Z3,110434.20646480002
SolverLogic,110438.09827129998
Random,179316.08506619997
CVC4,214247.61954699995
UE+MathSAT,316819.4151
