solver,score
Oracle,60146.893527199965
SolverLogic,129250.23533240019
CVC4,239717.7111843002
Bitwuzla,243113.75648579965
Greedy,262690.30565610004
Z3,291078.3659995998
Random,459663.7837379999
UE+MathSAT,1126199.0331700002
