solver,score
MathSAT-na (2019),1146.212299
Random,1146.212299
Oracle,1146.212299
Greedy,1146.212299
SolverLogic,1146.212299
