solver,score
Oracle,169595.7932820501
SolverLogic,269473.40158797026
CVC4,579953.3523403993
Greedy,579953.3523403993
MathSAT5,658589.0020951006
Yices,783363.7441362496
Z3,849189.7561782019
SMTInterpol,933152.9126880018
Random,1246084.9623974315
veriT,4098086.7791218967
