solver,score
Oracle,32.86638428
SolverLogic,45.763525759999965
Yices (2019),55.59079973999998
Greedy,55.59079973999998
Yices,68.54789454000002
MathSAT5,102.51564709999997
SMTInterpol,575.9184909999999
Z3,621.2785860000001
CVC4,6283.4078937
Random,39316.495453899995
Alt-Ergo,154513.57521110002
veriT,264000.2423798
