solver,score
Oracle,4891.918852100001
SolverLogic,24018.800124300004
Vampire,53040.39577999999
Z3 (2018),54226.807730399996
Z3,54336.04808790002
Vampire (2018),67012.96855510001
Greedy,92801.13452909997
CVC4,148812.44148789998
Random,161246.94142279998
UE+MathSAT,441602.38698
UE+Yices,446400.0
