solver,score
Oracle,1003100.6038290019
SolverLogic,1189167.8898994986
CVC4,1316952.169598998
Greedy,1316952.169598998
Alt-Ergo,1447671.949787201
Vampire,1963493.691920906
Random,4139948.8250036077
UE+MathSAT,11707200.0
