solver,score
Oracle,29793.132990875438
Boolector,40616.10571793635
Greedy,40616.10571793635
Yices,43498.347804960125
MinkeyRink ST,43824.619278378224
MinkeyRink MT,43879.19317343961
STP,48212.4510232732
CVC4,51425.39164696113
MathSAT (2018),51857.30256827027
SolverLogic,59064.0291404334
Z3,66122.94289057875
Random,270820.0926715902
STP-mt,377954.1879401045
Boolector-ReasonLS,1908153.76693424
