solver,score
CVC4,136806.2964598
Oracle,136806.2964598
Greedy,136806.2964598
SolverLogic,141602.04543980001
Random,158401.05317099998
UE+MathSAT,180000.0
