solver,score
Oracle,666.9783490000001
MathSAT,849.628399
Greedy,849.628399
SolverLogic,1003.1440860000001
MathSAT-na,1121.3848010000004
CVC4,46484.68595500001
Random,53474.99995784
Z3,153600.34712629003
