solver,score
Oracle,50.06323713000002
Yices,57.94779817
Greedy,57.94779817
Yices (2018),61.64708592
SMTInterpol,413.6760779999999
SolverLogic,4852.8893040600005
CVC4,8322.006532799998
Z3,25289.86941740002
Random,156602.69571338993
Alt-Ergo,329293.2490259
veriT,590400.7706609
