solver,score
Oracle,434393.7798362999
CVC4 (2018),454136.10500449996
Greedy,454136.10500449996
CVC4,495667.23198959965
SolverLogic,725651.1561727002
Random,752499.4471085999
Vampire,1105796.7491782003
Alt-Ergo,1160285.5475982002
