solver,score
Oracle,244154.826925161
SolverLogic,400073.90366977785
Bitwuzla,431768.17788192764
Poolector (2019),446442.3082590006
Greedy,448458.68759417854
Yices,454413.9119000912
Boolector (2019),490984.92695893825
MinkeyRink,506867.3956518003
STP,532999.1291546022
STP-MergeSat,736069.8395413676
CVC4,1551677.8487836046
Random,1729172.7069204433
MathSAT5,2462130.3779530027
Z3,2691702.874088188
LazyBV2Int,8933076.612522887
