solver,score
Oracle,159.4515534
SolverLogic,174.68667650000012
MathSAT5,31111.14471880001
Greedy,31111.14471880001
CVC4,41735.549027400026
Random,48277.5333289
COLIBRI,72171.51928499997
