solver,score
Oracle,46349.075479709994
OpenSMT,71949.41814010001
Greedy,71949.41814010001
SolverLogic,76132.19895126997
SPASS-SATT (2019),78046.06022513002
Yices,114838.30004277997
CVC4,129176.7686122999
Z3,131433.53494200006
Random,147136.20587146995
veriT,153754.80289050002
MathSAT5,212918.8111267001
SMTInterpol,217891.981249
