solver,score
Oracle,3287.3218645200022
SMTInterpol (2019),4065.783567
Yices,4837.3293413200045
veriT,4876.296682099997
SolverLogic,4884.918316170003
MathSAT5,4912.6196149000025
CVC4,5394.991425000001
Greedy,5501.551143350002
SMTInterpol,5618.191649000001
Z3,48282.653053100024
Random,97099.48327108011
Alt-Ergo,632846.3318999999
