solver,score
Oracle,12013.1516951
CVC4,48058.8954913
Yices,53416.777702199994
SolverLogic,55528.29556979997
CVC4 (2019),57678.6065592
Greedy,60056.98198049997
MathSAT5,79397.7389452
Z3,100351.34084180002
Random,152541.35621349997
Alt-Ergo,626401.2174896998
