solver,score
Oracle,36003.38516600001
CVC4,36003.5178869
SolverLogic,36003.5351908
CVC4 (2018),36003.7672267
Greedy,36003.8710079
Random,40818.907958
UE+MathSAT,48025.434460000004
