solver,score
Oracle,4324.070872110001
CVC4,10415.175593800002
Greedy,10415.175593800002
SolverLogic,22949.630519260012
Random,69954.92613639991
Z3str4,151826.55841431013
