solver,score
Oracle,2917476.689537396
Vampire,3122146.8069785982
Greedy,3122146.8069785982
Vampire (2018),3278326.598236698
SolverLogic,3326148.9615788017
CVC4,3366688.025815392
CVC4 (2019),3549088.2129047043
Random,4042624.5506432955
veriT,4121764.4103632024
veriT+vite,4186271.795064402
Alt-Ergo,4243856.079046095
Z3,4516102.169690995
SMTInterpol,5248016.023011003
UE+MathSAT,5498400.0
