solver,score
Oracle,6250.6168043200005
Yices,14811.568482219998
SolverLogic,14900.5183999
Z3,17020.12282
Greedy,19484.75959212
Random,39919.7786508
Boolector,43216.3774788
Poolector,43216.47949899999
CVC4 (2018),44687.7586756
CVC4,45256.9300622
