solver,score
Oracle,325.79573894999976
Yices (2019),386.9937957199999
Yices,388.79280112999993
Greedy,390.9968018999999
SolverLogic,724.4630185799987
veriT,790.4698356000004
Z3,7113.735447900009
OpenSMT,11888.856940300015
CVC4,15275.93403589998
SMTInterpol,95428.11179499987
MathSAT5,119678.25419269993
Random,397239.8694087305
Alt-Ergo,3539063.679887901
