solver,score
Oracle,4390297.391416488
SolverLogic,7024329.846979182
MathSAT5,7230607.619899985
Greedy,7230607.619899985
Yices,7649716.0160910105
CVC4,7984630.626472272
Z3,8215613.271428478
Random,10541986.38514819
AProVE,14677108.426485037
SMTRAT,17476592.68777802
