solver,score
Oracle,68228.81358746537
Yices (2018),71282.5196205535
Greedy,71282.5196205535
Yices,72456.7726672673
SolverLogic,73274.06461783171
Random,120316.85252503307
Z3,120818.27770396041
SMTInterpol,144775.63336293932
CVC4,200894.01384833775
