solver,score
Oracle,214824.58226756682
SolverLogic,223677.4284919486
Z3,223811.18389310248
Greedy,223811.18389310248
Z3 (2018),1317486.8190990598
Random,3355019.7937446716
CVC4,3803618.6952476646
UE+MathSAT,4489347.336619999
UE+Yices,4489347.752660005
UE+SMTInterpol,4489355.269630002
SMTInterpol,4630735.57842235
