solver,score
Oracle,4601262.359928399
CVC4 (2018),4980126.067366302
Greedy,4980126.067366302
SolverLogic,5004303.582946396
CVC4,5011100.616592601
Random,5342330.546136804
Vampire,5389619.0866460055
Alt-Ergo,5662456.985692997
