solver,score
Oracle,83164.28924212002
SolverLogic,83598.50237259996
Yices (2019),83687.54687837999
Greedy,83687.54687837999
Yices,83921.89472644002
CVC4,98118.8237402
Z3,101455.48378720004
veriT,104298.4269854
Random,117274.79672369995
MathSAT5,125584.0662787
SMTInterpol,159146.631532
