solver,score
Oracle,437743.0867021296
SolverLogic,509547.6003869698
Z3,557543.6167414993
Greedy,557543.6167414993
Yices (2018),603098.3040275291
Yices,604338.7737268509
CVC4,908477.4214831004
veriT,1429615.5307465997
Random,1477558.6098146313
SMTInterpol,1824386.654736001
ProB,4181590.084699999
