solver,score
Oracle,10126265.886101248
CVC4,17006943.255504534
SolverLogic,17009089.06351933
MathSAT,17014155.475559264
Greedy,17157759.147854388
MathSAT-na,17966030.278001927
Yices,18789946.005409658
CVC4-SymBreak,18819789.598733027
CVC4 (2018),20308199.70521799
Random,28208367.04539853
Z3,30863196.898304835
AProVE,35810012.69215602
SMTRAT,50253225.88055681
ProB,53520799.32298999
