solver,score
Oracle,109727.3351032057
CVC4,183826.87902311867
Greedy,183826.87902311867
SolverLogic,200152.89331978757
CVC4 (2018),225661.84458521006
Z3,242504.3992594433
Random,465185.5779978459
UE+Yices,792227.8336500002
UE+MathSAT,792237.8065699995
