solver,score
Oracle,3690.733585400001
Bitwuzla,5460.7923983
Greedy,5460.7923983
SolverLogic,9589.730691399998
MathSAT5,21299.278454900006
CVC4,31638.744459400023
Random,66977.6779752999
COLIBRI,226831.78907699988
