solver,score
Oracle,248671.60033036454
Z3 (2018),260319.37635057906
Greedy,260319.37635057906
SolverLogic,267783.3686942803
Z3,343663.86643214774
Random,377725.6291936212
CVC4,398254.54015107
Yices,423759.7250677815
SMTInterpol,460947.23940420477
