solver,score
Oracle,60200.62382566625
CVC4 (2019),95976.04783220937
Greedy,95976.04783220937
CVC4,99766.73268830938
SolverLogic,116514.83647359899
Z3,122229.95012982104
Random,146343.73315559895
UE+MathSAT,396239.58529000013
