solver,score
Oracle,52830.00757029998
SolverLogic,52832.676316799996
Z3 (2018),52869.44299669999
Z3,55232.84479129998
Greedy,55270.32625469999
Random,96086.78852399999
CVC4,109288.70732
UE+MathSAT,158420.36608
