solver,score
Oracle,5490.432637499997
Yices (2019),5506.528333909999
Greedy,5506.528333909999
SolverLogic,5508.249904759999
Yices,5523.1469666
Z3,6585.8473097
Random,40814.76131280002
MathSAT5,47649.679048800004
SMTInterpol,48474.154535999995
veriT,65968.74895380002
CVC4,86115.95526700001
