solver,score
Oracle,17019.130169289398
Bitwuzla,20437.466071855742
Greedy,20437.466071855742
STP,22395.655119517614
Yices,23378.793667927814
Yices (2019),24110.582068451942
STP-MergeSat,24277.774222431355
SolverLogic,25880.670795189682
CVC4,26118.955353042773
Z3,27139.921926917512
MathSAT5,29659.589951356575
Random,42345.7021959902
LazyBV2Int,167955.59637981548
