solver,score
Oracle,5.346350340000004
Yices,6.304849260000001
Greedy,6.304849260000001
Yices (2019),6.409850810000001
SolverLogic,6.48318654
Yices (2018),6.610625789999999
MathSAT5,20.032539899999986
Z3,23.242259999999995
CVC4,88.6026725
SMTInterpol,208.1569499999999
Random,66061.74263853002
Alt-Ergo,421480.3293155998
