solver,score
Oracle,2924.5332270299996
Yices (2018),2924.7934302999993
Greedy,2924.7934302999993
SolverLogic,2927.8294323299997
Yices,3293.01447823
Z3,4631.763762280081
SMTInterpol,13640.285384821076
Random,24978.502174660476
MathSAT5,40556.98690482657
CVC4,59564.79100453893
