solver,score
Oracle,11.250246800000001
SolverLogic,12.8995279
Z3,14.8488941
Greedy,14.8488941
Z3 (2018),15.330229000000003
CVC4,36.45010489999999
Random,749636.6639367996
Vampire,765533.7208872999
SMTInterpol,931234.3066649996
UE+SMTInterpol,1059800.1197500005
UE+MathSAT,1061913.7983600001
veriT,1104001.0278573998
ProB,1210560.6502799997
UE+Yices,1238494.78844
