solver,score
Oracle,5198.767450859999
Z3,8344.725172599989
Z3 (2019),8891.387342200003
SolverLogic,10607.541271789987
MathSAT5,10876.986153999984
Greedy,11977.750859200003
Yices,13405.915493393346
Random,19339.827320965345
SMTInterpol,33656.31552717106
CVC4,44158.05551417439
