solver,score
Oracle,3643.1658651999983
CVC4 (2018),8260.391942100006
CVC4,8997.491371599996
SolverLogic,9063.219685200005
Greedy,9127.381094900002
Random,25474.143978300002
Z3,40669.36094400001
