solver,score
Oracle,549239.5786159999
SolverLogic,566789.8653641001
Vampire,582179.9101962
CVC4,583321.8207952998
Greedy,591921.7886864
Alt-Ergo,624939.1071311
Random,627467.9704601
Z3,628816.7459911997
UE+MathSAT,720000.0
