solver,score
Oracle,5426481.910786891
CVC4,5857081.669964501
CVC4 (2018),5862062.139676499
Greedy,5868939.284095398
SolverLogic,5967471.705719401
veriT,6299442.062911312
Vampire,6678474.053742706
Z3,6942622.183458898
Alt-Ergo,7021288.362423797
Random,9383261.229961898
SMTInterpol,13446460.429230003
UE+MathSAT,13670400.0
UE+SMTInterpol,13670400.0
UE+Yices,13670400.0
