solver,score
Oracle,361485.5345319902
SolverLogic,481708.6471713005
Vampire,507919.09590649995
Greedy,507919.09590649995
CVC4 (2018),528068.8158949999
CVC4,541029.6564055998
Z3,678077.8314432002
Alt-Ergo,837509.5249430005
veriT,846177.5226393006
veriT+vite,859487.3856904907
Random,1069749.1186614993
SMTInterpol,1233156.4494720006
UE+MathSAT,3108035.2440299997
