solver,score
Oracle,46.23991504999997
Yices (2018),53.54523837999997
SolverLogic,54.90491917
Yices,56.287909269999986
Greedy,56.593271059999985
Z3,147.5918033999999
CVC4,565.8660544000004
SMTInterpol,1811.6164969999998
MathSAT5,7041.611550499997
Random,74547.17891740003
veriT,80373.33906120005
Alt-Ergo,564619.1145901001
