solver,score
Oracle,19.88648799000001
Yices (2018),30.76384948
Yices,31.57105078999999
Greedy,31.58109543
SolverLogic,32.02028459000001
Z3,65.63616970000002
CVC4,318.1466776
SMTInterpol,574.5704409999997
Random,193160.17006340995
veriT,203502.2476128
Alt-Ergo,1129491.7451369998
