solver,score
CVC4,103911.21773389996
Oracle,103911.21773389996
Greedy,103911.21773389996
SolverLogic,103911.21773389996
Random,525984.430569
UE+MathSAT,895200.0
