solver,score
Oracle,54434.9114321
SolverLogic,95958.1463569
Z3 (2019),107943.25458790002
Greedy,107943.25458790002
CVC4,266428.9177201
Random,289843.18533450004
UE+MathSAT,472867.5435899999
