solver,score
Oracle,2535.9664057
SolverLogic,2890.9744415000014
Yices,26322.37150240001
Greedy,26322.37150240001
Poolector,35944.483389
Boolector,39876.97394479998
Boolector (2018),50040.17847419998
CVC4,54519.227574000004
Random,57238.8655945
Z3,126304.91622300008
