solver,score
Oracle,59.796747199999984
Yices (2019),61.38310409999998
Greedy,61.38310409999998
Yices,64.33839610000003
SolverLogic,66.59423890000002
Z3,173.3053680000001
CVC4,410.2998319
SMTInterpol,472.1263279999998
Random,2645.4113826
OpenSMT,4040.6211527
MathSAT5,45727.04865639999
