solver,score
Oracle,10172.398077410007
SolverLogic,10197.522190549993
Yices,10206.356545670007
Yices (2018),10219.342318919982
Greedy,10220.25606327
Z3,10431.465553400001
Random,62584.65532736001
SMTInterpol,84281.09671499998
veriT,123315.39196559998
CVC4,139241.40227829988
