solver,score
Oracle,107652.42060257218
Z3 (2018),114432.9486664289
Greedy,114432.9486664289
SolverLogic,117549.09758681865
Z3,129340.4392755841
Random,158480.1146443652
Yices,167052.49705426983
MathSAT5,182783.69862839344
SMTInterpol,187182.7511494758
CVC4,189640.53023839544
