solver,score
Oracle,1889835.607367999
CVC4,1990066.9069949999
Greedy,1990066.9069949999
SolverLogic,2059603.1288517986
CVC4 (2019),2063441.1855510978
Vampire,2193113.479529901
Alt-Ergo,2233571.4711550986
Random,2296525.6431483007
UE+MathSAT,2935200.0
