solver,score
Oracle,11.56093366999999
SolverLogic,15.321866559999984
Yices,18.568475220000018
Greedy,18.568475220000018
Yices (2018),19.779500160000012
Z3,67.27336750000003
SMTInterpol,442.22067400000003
CVC4,711.3591048000001
Random,528768.7934418002
Alt-Ergo,1393931.7452687984
veriT,2476801.5404053587
