solver,score
Oracle,5343.9324193
SolverLogic,9356.588324300004
Yices,22342.950998599987
Yices (2019),23372.263926499996
Greedy,23543.41262759999
Bitwuzla,27326.920456199983
Random,35418.84746629998
MathSAT5,50478.972535
CVC4,55537.511080000004
Z3,80726.7945279
