solver,score
Oracle,5964.7179361
SolverLogic,17211.09754890001
Vampire,23710.563262400006
Greedy,23710.563262400006
Alt-Ergo,200702.55069310003
CVC4,220820.39895950013
Random,268190.99436240003
UE+MathSAT,720000.0
