solver,score
Oracle,316990.7471557
SolverLogic,327028.8677387001
Z3,398577.0711820999
Z3 (2018),398583.6091819999
Greedy,398588.71309460007
Vampire,589844.8728970996
CVC4,600813.4879167996
CVC4-SymBreak,604851.5650549998
Alt-Ergo,808032.3172438992
veriT,1733744.6167096007
Random,3302901.6103463974
SMTInterpol,7330830.774950001
UE+MathSAT,8078400.0
UE+SMTInterpol,8078400.0
UE+Yices,8078400.0
