solver,score
Oracle,84039.76636048022
Poolector,104633.34018499956
Greedy,104633.34018499956
Boolector,107082.4442613799
SolverLogic,107399.7677620301
Boolector (2018),131189.77409172046
Yices,155947.69674424033
Random,236916.05359984052
CVC4,399617.38278450054
Z3,429075.1986492994
