solver,score
Oracle,5635.602730999998
SolverLogic,8119.339210999999
Yices (2018),18291.01052
Greedy,18291.01052
Yices,20744.16305
Z3,29010.50773
CVC4,68471.07057000001
MathSAT,81678.732934
Random,81791.62040999997
MathSAT-na,82220.63564000001
Alt-Ergo,124800.0
veriT+raSAT+Redlog,124800.0
