solver,score
Oracle,1961676.0283160761
Z3,2757190.6112958635
Greedy,2757190.6112958635
SolverLogic,2787434.9490236933
Random,3807401.9347130232
CVC4,4061237.776658643
UE+MathSAT,4872685.21215
