solver,score
Oracle,7804961.415213806
SolverLogic,11927375.305388978
Vampire (2018),13189767.557676468
Greedy,13189767.557676468
CVC4,13320056.827411497
CVC4-SymBreak,13352623.053250482
Z3,17062806.901734114
Z3 (2018),17214680.997860882
Vampire,18342620.599186573
Random,19759215.87697878
Alt-Ergo,25092968.37556238
UE+MathSAT,29918447.2999
UE+Yices,30014400.0
