solver,score
Oracle,1963.9877039300004
SMTInterpol,3214.410761999996
Yices,4963.7796874499945
Yices (2018),4967.708687999998
SolverLogic,4972.265142879997
Z3,5087.597641399994
Greedy,5928.933262859996
veriT,7014.108590299997
CVC4,10457.617611099995
Random,280508.4075405402
Alt-Ergo,1642280.6687339996
