solver,score
Oracle,2901.401221000001
Yices (2018),2935.7251104000006
Greedy,2935.7251104000006
SolverLogic,2936.039438590001
Yices,3029.4505611000004
Random,7914.972481200001
Z3,9796.639683099998
CVC4,12109.464306349062
SMTInterpol,17119.440335000007
