solver,score
Oracle,9.12306078
Yices (2019),15.476504919999993
Greedy,15.476504919999993
Yices,18.334950960000022
Z3,19.143878100000023
MathSAT5,98.05659970000004
CVC4,109.22296649999998
SMTInterpol,282.6840370000002
SolverLogic,2412.6353442100026
Random,228647.69431278022
Alt-Ergo,565785.9319411
veriT,998400.7704048997
