solver,score
Oracle,20431.420248999995
Yices,25818.911248099997
Greedy,25818.911248099997
Yices (2019),25839.770903000004
SolverLogic,29298.0692911
Z3,37210.606977999996
Random,42032.96208440001
MathSAT5,43169.1133382
Bitwuzla,48603.076397100005
CVC4,55309.9262939
