solver,score
Oracle,29.972949900000003
SolverLogic,2436.272479199999
CVC4,3269.6492850999994
Greedy,3269.6492850999994
COLIBRI,7306.388731999999
Random,15213.545918000002
MathSAT5,16806.0656842
