solver,score
Oracle,40039.52702719702
Yices (2018),45184.8355248703
Yices,45262.45443175149
Greedy,45286.12061298912
SolverLogic,45830.46201823764
MathSAT5,66218.63510420495
Random,73247.45173180303
SMTInterpol,86286.33141049407
Z3,107692.38478020625
CVC4,110852.78160115164
