solver,score
Oracle,851466.2410949897
SolverLogic,1104767.7360431007
Vampire,1242230.7328750999
CVC4 (2018),1251509.413913999
CVC4-SymBreak,1279606.3004508002
CVC4,1281683.9278858006
Greedy,1292120.9740695993
Z3,1632594.8005290036
Alt-Ergo,1982919.3011814011
veriT,2260451.228143392
Random,3423183.377232547
SMTInterpol,3593816.0959289996
UE+SMTInterpol,7795230.60625
UE+MathSAT,7800030.300479999
UE+Yices,7828816.050189999
