solver,score
Oracle,1692446.89385726
Z3,2391318.127738584
Greedy,2391318.127738584
SolverLogic,2612107.12081758
CVC4,3984415.898437084
Random,4034456.7647450753
SMTInterpol,4821600.594825536
UE+MathSAT,4877489.537250004
