solver,score
Oracle,1709161.2006851996
SolverLogic,1769376.9413162
CVC4,1936992.7939923
Greedy,1936992.7939923
Vampire,2009192.8683298028
Alt-Ergo,2103084.777385502
Random,4088170.5619819975
UE+MathSAT,10310400.0
