solver,score
CVC4,791289.9186411994
Oracle,791289.9186411994
Greedy,791289.9186411994
SolverLogic,791289.9186411994
Random,1241067.5136808997
UE+MathSAT,1639200.0
