solver,score
Oracle,4670.015948009999
SolverLogic,7902.613386899998
Yices,12929.795992899999
Z3,14648.697292899999
Greedy,19680.781386900006
CVC4,37666.737483000004
Random,42957.118824000005
MathSAT5,45744.383484000005
veriT+raSAT+Redlog,62400.00984601
Alt-Ergo,64800.0
