solver,score
Oracle,183339.08935174035
SolverLogic,362941.8932156209
SPASS-SATT,493192.1653995812
Greedy,493192.1653995812
SPASS-SATT (2018),513307.4770041106
Z3,1005170.5285234003
CVC4,1497133.4353600007
Ctrl-Ergo,1555473.980524202
Yices,1990996.3011376632
SMTInterpol,2131803.8416460017
CVC4-SymBreak,2504960.065960001
Random,3493281.9979370823
veriT,9858197.11450339
ProB,13783091.731300006
