solver,score
Oracle,38.9366438
Z3,7497.4806106000015
Greedy,7497.4806106000015
SolverLogic,7497.978493700001
Vampire,26508.3458569
Random,69642.7902046
CVC4,74410.246001
UE+MathSAT,220802.37725000002
