solver,score
Oracle,7371252.068854302
Vampire (2018),8049746.058261298
Vampire,8052636.092343995
Greedy,8087559.213378289
SolverLogic,8180674.6624486055
CVC4 (2018),8306960.956681217
CVC4,8456373.452496203
veriT,10357779.3386622
Alt-Ergo,10372602.286519501
Random,10822123.305114
Z3,11343239.60425059
SMTInterpol,13441978.033356
UE+MathSAT,13516800.0
UE+SMTInterpol,13516800.0
UE+Yices,13516800.0
